Supplier,Date Received,Vendor,Retailer,Address1,Address2,City,State,Zip,Phone,Country,Count Order,Units,Cost
"Ridgecrest Herbals, Inc.",07/01/2013,Nature's Best-Calif,Herbie's Natural Foods,13306 Whittier Blvd,,Whittier,CA,90602,(562) 945-1322,US,5,17,$244.40
"Ridgecrest Herbals, Inc.",07/01/2013,Nature's Best-Calif,Mothers Market Anaheim Hills,5759 East Santa Ana Canyon Rd,,Anaheim,CA,92807,(714) 974-6667,US,4,8,$123.74
"Ridgecrest Herbals, Inc.",07/01/2013,Nature's Best-Calif,Mother's Market-Huntington,19770 Beach Blvd.,,Huntington Beach,CA,92648,(714) 963-6667,US,6,22,$279.43
"Ridgecrest Herbals, Inc.",07/01/2013,Nature's Best-Calif,New Earth Market,1475 Tharp Rd,,Yuba City,CA,95993,(530) 673-9355,US,1,1,$9.63
"Ridgecrest Herbals, Inc.",07/01/2013,Nature's Best-Calif,New Life Health Center (Speedway),4841 E. Speedway,,Tucson,AZ,85712,(520) 325-8375,US,2,5,$76.57
"Ridgecrest Herbals, Inc.",07/01/2013,Palko Distributing Co.,Feger's Health Foods,3058 Tamiami Trail,,Port Charlotte,FL,33952,(941) 625-5561,US,5,14,$179.00
"Ridgecrest Herbals, Inc.",07/01/2013,Select Nutrition - CL,Nature's Realm II,20 East White Mountain Blvd Ste. C-3,,Lake Side,AZ,85929,(928) 367-5838,US,3,21,$283.50
"Ridgecrest Herbals, Inc.",07/01/2013,Select Nutrition - East,Chuck's Natural Foods,11301 North 56th St. Suite 14,,Temple Terrace,FM,33617,(813) 980-2005,US,2,7,$86.50
"Ridgecrest Herbals, Inc.",07/01/2013,Select Nutrition - East,City Center Market,122 N. Buchanan Street,,Cambridge,MN,55008,(763) 689-4640,US,1,3,$45.00
"Ridgecrest Herbals, Inc.",07/01/2013,Select Nutrition - East,Health Best,1350 Galloping Hill Rd,,Union,NJ,07083,(908) 687-4575,US,3,3,$35.01
"Ridgecrest Herbals, Inc.",07/01/2013,Select Nutrition - East,Health Food Mart  ,1507 Southwest 21st.,,Topeka,KS,66604,(785) 235-9710,US,3,7,$77.00
"Ridgecrest Herbals, Inc.",07/01/2013,Select Nutrition - East,JB's HealthMart,1504 PREACHER ROE BLVD STE  2,,WEST PLAINS,MO,65775,(417) 255-1654,US,2,3,$53.00
"Ridgecrest Herbals, Inc.",07/01/2013,Select Nutrition - East,Lori's Natural Foods,900 Jefferson Rd.,,Rochester,NY,14623,(585) 424-2323,US,5,40,$627.71
"Ridgecrest Herbals, Inc.",07/01/2013,Select Nutrition - East,Natural Foods General Store,675 Batchelor St,,Toms River,NJ,08753,(732) 240-9320,US,2,5,$47.50
"Ridgecrest Herbals, Inc.",07/01/2013,Select Nutrition - East,Natural Foods Market,"3211 Peoples Street, Ste 74",,Johnson City,TN,37604,(423) 610-1200,US,5,13,$178.50
"Ridgecrest Herbals, Inc.",07/01/2013,Select Nutrition - East,Organica Natural Foods,246 Livingston St.,,Northvale,NJ,07647,(201) 767-8182,US,1,1,$9.50
"Ridgecrest Herbals, Inc.",07/01/2013,Select Nutrition - East,Queens Health Emporium,15901 Horace Harding Expressway,,Flushing,NY,11365,(718) 358-6500,US,1,6,$57.00
"Ridgecrest Herbals, Inc.",07/01/2013,Select Nutrition - East,Thyme & Season,3040 Whitney Ave.,,Hamden,CT,06518,(203) 407-8128,US,2,3,$45.00
"Ridgecrest Herbals, Inc.",07/01/2013,Super Natural Distributors,Health Hut,2225 S 108th Street,,West Allis,WI,53227,(414) 545-8844,US,2,9,$87.00
"Ridgecrest Herbals, Inc.",07/01/2013,Tree Of Life Midwest,Health Nutz Natural Foods,19844 South La Grange Rd.,,Mokena,IL,60448,(708) 479-7578,US,2,4,$54.00
"Ridgecrest Herbals, Inc.",07/01/2013,UNFI Atlanta,Everman Natural Foods,315 West Garden St.,,Pensacola,FL,32502,(850) 438-0402,US,2,6,$78.00
"Ridgecrest Herbals, Inc.",07/01/2013,UNFI Denver,Natural Food Products,707 West State St,,Grand Island,NE,68801,(308) 382-0869,US,2,3,$38.50
"Ridgecrest Herbals, Inc.",07/01/2013,UNFI Greenwood,Health Food Shoppe,3515 N. Anthony Blvd.,,Fort Wayne,IN,46805,(260) 483-5211,US,1,3,$35.50
"Ridgecrest Herbals, Inc.",07/01/2013,UNFI IA,Seward Community Co-op,2823 East Franklin Ave,,Minneapolis,MN,55406,(612) 338-2465,US,7,15,$139.46
"Ridgecrest Herbals, Inc.",07/01/2013,UNFI Northern California,New Leaf Santa Cruz,1134 Pacific Avenue,,Santa Cruz,CA,95060,(831) 425-1793,US,1,2,$19.00
"Ridgecrest Herbals, Inc.",07/01/2013,UNFI Northern California,Sacramento Co-op,1900 Alhambra BLVD,,Sacramento,CA,95816,(916) 455-2667,US,1,3,$49.50
"Ridgecrest Herbals, Inc.",07/01/2013,UNFI Ridgefield,Settler's Country Market,530 Valley Rd,Suite J,Moses Lake,WA,98823,(509) 766-9981,US,1,1,$9.50
"Ridgecrest Herbals, Inc.",07/02/2013,Nature's Best-Calif,Artesian Natural Foods,145 Lincoln Center,,Stockton,CA,95207,(209) 952-8787,US,2,7,$142.03
"Ridgecrest Herbals, Inc.",07/02/2013,Select Nutrition - East,4 Kicks Ltd,4274 Peachtree Rd,,Atlanta,GA,30319,404 477 6887,US,1,1,$11.00
"Ridgecrest Herbals, Inc.",07/02/2013,Select Nutrition - East,Bare Essentials Natural Market,273 Boone Heights Dr.,,Boone,NC,28607,(828) 262-5592,US,2,5,$66.50
"Ridgecrest Herbals, Inc.",07/02/2013,Select Nutrition - East,David's Market-Forest Hills,1523 - E Rockspring Road,,Forest Hill,MD,21084,(410) 836-0808,US,4,20,$229.50
"Ridgecrest Herbals, Inc.",07/02/2013,Select Nutrition - East,Nature's Outlet,4822-B Valley View Blvd,,Roanoke,VA,24012,(540) 989-5109,US,2,4,$40.00
"Ridgecrest Herbals, Inc.",07/02/2013,Select Nutrition - East,Nutrition S'Mart Palm Beach Gardens,4155 Northlake Boulevard,,Palm Beach Gardens,FL,33410,(561) 694-0644,US,7,15,$224.53
"Ridgecrest Herbals, Inc.",07/02/2013,Select Nutrition - East,Roanoke Co-op,1319 Grandin Road,,Roanoke,VA,24015,(540) 343-5652,US,2,5,$95.53
"Ridgecrest Herbals, Inc.",07/02/2013,Select Nutrition - East,Takoma Park Food Coop,201 Ethan Allen Ave,,Takoma Park,MD,20912,(301) 891-2667,US,6,20,$303.03
"Ridgecrest Herbals, Inc.",07/02/2013,Select Nutrition - East,Vivamas,San Patricio Plaza / Planta Baja,,Guaynabo,PR,00968,(787) 792-2464,US,1,2,$19.00
"Ridgecrest Herbals, Inc.",07/02/2013,Super Natural Distributors,Harvest Health Foods,6807 Cascade Rd. SE,,Grand Rapids,MI,49546,(616) 975-7555,US,7,18,$301.50
"Ridgecrest Herbals, Inc.",07/02/2013,Threshold Enterprises,Anacortes Health & Nutrition,1020 7TH STREET,,ANACORTES,WA,98221,(360) 293-8849,US,3,10,$115.00
"Ridgecrest Herbals, Inc.",07/02/2013,Threshold Enterprises,Clovers Natural Market (Chapel),2100 Chapel Plaza Ct,,Columbia,MO,65203,(573) 445-0990,US,1,4,$38.00
"Ridgecrest Herbals, Inc.",07/02/2013,Threshold Enterprises,Paradise Health and Nutrition,4270 Minton Rd Suite 112,,West Melbourne,FL,32904,(321) 722-1440,US,3,6,$85.00
"Ridgecrest Herbals, Inc.",07/02/2013,UNFI CAP Chesterfield,Hunger Mountain Co-op,623 Stone Cutters Way,,Montpellier,VT,05602,(802) 223-6910,US,2,6,$40.98
"Ridgecrest Herbals, Inc.",07/02/2013,UNFI CAP Iowa,The Wedge Co-op,2105 Lyndale Ave S,,Minneapolis,MN,55405,(612) 465-8821,US,3,7,$47.81
"Ridgecrest Herbals, Inc.",07/02/2013,UNFI IA,Family Health Food Store,1020 West Main St.,,Durant,OK,74701,(580) 924-3214,US,1,3,$60.03
"Ridgecrest Herbals, Inc.",07/02/2013,UNFI IA,Fresh and Natural-Shoreview,1075 W Hwy 96,,Shoreview,MN,55126,(651) 203-3663,US,1,3,$37.50
"Ridgecrest Herbals, Inc.",07/02/2013,UNFI Northwest,Rosauers-Hkbry Bozeman,3255 Technology Blvd,,Bozeman,MT,59718,(406) 587-0637,US,1,4,$38.00
"Ridgecrest Herbals, Inc.",07/02/2013,UNFI Sarasota,Nutrition S'Mart Tampa,14847 N. Dale Mabry Hwy.,,Tampa,FL,33618,(813) 908-9500,US,5,22,$308.02
"Ridgecrest Herbals, Inc.",07/02/2013,UNFI Texas,Vitamins Plus #210,5819 E. Kings Hwy.,,Shreveport,LA,71105,(318) 861-7079,US,1,3,$60.00
"Ridgecrest Herbals, Inc.",07/03/2013,Nature's Best-Calif,Mother's Market-Irvine,2963 Michelson Dr.,,Irvine,CA,92612,(949) 752-6667,US,2,4,$45.64
"Ridgecrest Herbals, Inc.",07/03/2013,Palko Distributing Co.,All Ways Healthy Natural Foods,123 S. Rand Rd.,,Lake Zurich,IL,60047,(847) 438-9200,US,1,3,$75.00
"Ridgecrest Herbals, Inc.",07/03/2013,Palko Distributing Co.,Nature's Remedies,2812 N Calumet,,Valparaiso,IN,46383,,US,2,4,$65.00
"Ridgecrest Herbals, Inc.",07/03/2013,Select Nutrition - East,,,,,,,,,4,10,$116.00
"Ridgecrest Herbals, Inc.",07/03/2013,Select Nutrition - East,Big Bear NF-Ewing,17 Arctic Parkway,,Ewing,NJ,08520,(609) 392-7221,US,3,5,$75.52
"Ridgecrest Herbals, Inc.",07/03/2013,Select Nutrition - East,Earth Origins Market #17,2000 Tamiami Trl #220,,Port Charlotte,FL,33948,(941) 255-2179,US,1,11,$189.04
"Ridgecrest Herbals, Inc.",07/03/2013,Select Nutrition - East,Earth Origins Market #9,6651 Central Ave,,St. Petersburg,FL,33710,(727) 347-5682,US,2,29,$370.50
"Ridgecrest Herbals, Inc.",07/03/2013,Select Nutrition - East,Mom's Organic Market - Timonium,20 W. Ridgely Rd.,,Timonium,MD,21093,(443) 921-1390,N/,1,3,$29.50
"Ridgecrest Herbals, Inc.",07/03/2013,Select Nutrition - East,NRG Railway Market #6,108 Marlboro Ave.,Ste. 1,Easton,MD,21601,(410) 822-4852,US,6,9,$130.53
"Ridgecrest Herbals, Inc.",07/03/2013,Select Nutrition - East,Viroqua Food Co-op,609 N Main St.,,Viroqua,WI,54665,(603) 637-7511,US,3,6,$72.50
"Ridgecrest Herbals, Inc.",07/03/2013,Select Nutrition - East,Westerly Natural Market,913 8th Ave. @ 54th Street,,New York,NY,10019,(212) 586-5262,US,3,28,$403.56
"Ridgecrest Herbals, Inc.",07/03/2013,Threshold Enterprises,Health Foods Center - Lawton,14 NW Sheridan Rd,,Lawton,OK,73505,(580) 353-1533,US,2,5,$68.50
"Ridgecrest Herbals, Inc.",07/03/2013,Tree Of Life Southeast,Mary's Health Foods,Calle Gautier Benitez 195,,Caguas,PR,00725,(787) 744-5656,US,1,3,$25.50
"Ridgecrest Herbals, Inc.",07/03/2013,UNFI CAP Atlanta,Hendersonville Community Coop,715 Old Spartanburg Hwy.,,Hendersonville,NC,28792,(828) 693-0505,US,1,2,$13.66
"Ridgecrest Herbals, Inc.",07/03/2013,UNFI CAP Chesterfield,Brattleboro Food Coop,2 Main St.,,Brattleboro,VT,05301,(802) 257-0236,US,1,2,$17.66
"Ridgecrest Herbals, Inc.",07/03/2013,UNFI CAP York,Whole Foods Co-op,1341 W 26St,,Erie,PA,16508,(814) 456-0282,US,1,3,$45.00
"Ridgecrest Herbals, Inc.",07/03/2013,UNFI Chesterfield,Peter's Cornucopia,38 New Hartford Shopping Center,,New Hartford,NY,13413,(315) 724-4998,US,1,4,$38.00
"Ridgecrest Herbals, Inc.",07/03/2013,UNFI IA,Lakewinds Anoka Food Co-op,435 Pond Promenade,,Chanhassen,MN,55317,(612) 427-4340,US,9,17,$194.50
"Ridgecrest Herbals, Inc.",07/03/2013,UNFI IA,Oneota Community-W Co-op ,312 W. Water St.,,Decorah,IA,52101,(563) 382-4666,US,3,6,$81.51
"Ridgecrest Herbals, Inc.",07/03/2013,UNFI IA,Outpost Natural Foods Capitol Dr,100 E Capitol Dr,,Milwaukee,WI,53212,(414) 961-2567,US,4,7,$87.50
"Ridgecrest Herbals, Inc.",07/03/2013,UNFI Northern California,Grass Roots Natural Foods ,2040 Dunlap Dr.,,South Lake Tahoe,CA,96150,(530) 541-7788,US,3,4,$49.00
"Ridgecrest Herbals, Inc.",07/03/2013,UNFI Northern California,Oliver's Market 2,546 E Cotati Ave,,Cotati,CA,94931,(707) 795-9501,US,2,4,$38.00
"Ridgecrest Herbals, Inc.",07/03/2013,UNFI Northwest,Mountain Valley Foods,25 Commons Way,,Kalispell,MT,59901,(406) 756-1422,US,3,6,$71.00
"Ridgecrest Herbals, Inc.",07/03/2013,UNFI Ridgefield,Boise Co-op Grocery 1,888 West Fort Street,,Boise,ID,83702,(208) 472-4500,US,6,10,$119.00
"Ridgecrest Herbals, Inc.",07/03/2013,UNFI Sarasota,Abby's Health & Nutrition,14374 N. Dale Mabry,,Tampa,FL,33618,(813) 265-4951,US,2,7,$98.51
"Ridgecrest Herbals, Inc.",07/03/2013,UNFI Texas,Village Foods,1760 Briarcrest Drive,,Bryan,TX,77802,(979) 691-7160,US,3,6,$57.00
"Ridgecrest Herbals, Inc.",07/04/2013,Nature's Best-Calif,New Frontier Sedona #1,1420 W Hwy 89A,,Sedona,AZ,86336,(928) 282-6311,US,5,11,$134.85
"Ridgecrest Herbals, Inc.",07/04/2013,Select Nutrition - East,Earth Origins Market #4,7006 Reisterstown Rd.,Colonial Village Shopping Center,Baltimore,MD,21215,(410) 486-0979,US,1,4,$38.00
"Ridgecrest Herbals, Inc.",07/04/2013,Select Nutrition - East,Village Market,5002 University Dr.,,Collegedale,TN,37315,(423) 236-2301,US,1,4,$45.00
"Ridgecrest Herbals, Inc.",07/04/2013,Threshold Enterprises,Earthbar,8365 Santa Monica Blvd,,West Hollywood,CA,90069,3109185828,N/,4,8,$102.50
"Ridgecrest Herbals, Inc.",07/04/2013,UNFI CAP Atlanta,Knoxville 3 Rivers Co-op,1100 N Central St,,Knoxville,TN,37917,(865) 525-2069,US,2,3,$20.49
"Ridgecrest Herbals, Inc.",07/04/2013,UNFI CAP Atlanta,Weaver Street-Carrboro,101 E Weaver St,,Carrboro,NC,27510,(919) 929-0010,US,3,3,$20.49
"Ridgecrest Herbals, Inc.",07/04/2013,UNFI CAP Iowa,Mississippi Market-Selby,622 Selby Ave.,,St. Paul,MN,55104,(651) 310-9499,US,2,2,$13.66
"Ridgecrest Herbals, Inc.",07/04/2013,UNFI IA,Nature's Pantry-Independence,19019 E 48th St. South,,Independence,MO,64055,(816) 478-1990,US,4,21,$297.50
"Ridgecrest Herbals, Inc.",07/04/2013,UNFI Northern California,Wildberries Marketplace,747 13th Street,,Arcata,CA,95521,(707) 822-0095,US,1,2,$25.00
"Ridgecrest Herbals, Inc.",07/04/2013,UNFI York,Yes Organic Mkt-Petworth,4100 Georgia Ave,,Washington,DC,20011,(202) 291-5790,US,2,3,$28.50
"Ridgecrest Herbals, Inc.",07/05/2013,Nature's Best-Calif,Mother's Market - Santa Ana2,151 Memory Lane,,Santa Ana,CA,92705,(949) 752-6667,US,5,21,$424.35
"Ridgecrest Herbals, Inc.",07/05/2013,Nature's Best-Dallas,Jack's Natural Foods,1614 Judson Road,,Longview,TX,75601,903-753-4800,US,1,2,$40.04
"Ridgecrest Herbals, Inc.",07/05/2013,Select Nutrition - East,Be Well,38 E.Water St.,,Chillicothe,OH,45601,(740) 772-4920,US,1,2,$25.00
"Ridgecrest Herbals, Inc.",07/05/2013,Select Nutrition - East,Co-Opportunity 2,1525 Broadway Street,,Santa Monica,CA,90404,(310) 451-8902,US,1,6,$57.00
"Ridgecrest Herbals, Inc.",07/05/2013,Select Nutrition - East,Earth Origins #11,521 NW 13th St,,Gainesville,FL,32601,(352) 378-5244,US,1,6,$90.00
"Ridgecrest Herbals, Inc.",07/05/2013,Select Nutrition - East,Earth Origins Market #15,1930 Stickney Point Rd,,Sarasota,FL,34236,(941) 924-4754,US,2,4,$52.50
"Ridgecrest Herbals, Inc.",07/05/2013,Select Nutrition - East,Golden Carrot NF,433 Jefferson St.,,Paducah,KY,42001,(270) 442-0999,US,1,1,$12.50
"Ridgecrest Herbals, Inc.",07/05/2013,Super Natural Distributors,Basics Co-op,1711 Lodge Dr,,Janesville,WI,53545,(608) 754-3925,US,2,6,$105.00
"Ridgecrest Herbals, Inc.",07/05/2013,Threshold Enterprises,Island Natural Market,204 Retreat Village,,St. Simons Island,GA,31522,(912) 634-0394,US,2,2,$25.00
"Ridgecrest Herbals, Inc.",07/05/2013,Threshold Enterprises,Island Naturals Kona,74-5487 Kaiwi St,,Kailua Kona,HI,96740-1607,(808) 326-1122,US,1,6,$57.00
"Ridgecrest Herbals, Inc.",07/05/2013,Threshold Enterprises,Keaau Natural Foods,16-586 Old Volcano Rd,Ste 109,Keaau,HI,96749,(808) 966-8877,US,1,2,$19.00
"Ridgecrest Herbals, Inc.",07/05/2013,Threshold Enterprises,Mother's Market-Laguna,24165 Paseo de Valencia,,Laguna Woods,CA,92637,(949) 768-6667,US,6,21,$247.60
"Ridgecrest Herbals, Inc.",07/05/2013,Threshold Enterprises,Nature's Food Center,495  N. Main (Store),601 N. Forbes (Mailorder/Buyers Club),Lakeport,CA,95453,(707) 263-7938,US,2,4,$52.00
"Ridgecrest Herbals, Inc.",07/05/2013,Threshold Enterprises,Nature's Harvest,101 E Moreland Rd,,Willow Grove,PA,19090,(215) 659-7705,US,2,7,$105.00
"Ridgecrest Herbals, Inc.",07/05/2013,Threshold Enterprises,Richard's-St. Petersburg,3455 Tyrone Blvd,,St. Petersburg,FL,33710,(727) 343-0084,US,1,2,$19.00
"Ridgecrest Herbals, Inc.",07/05/2013,Threshold Enterprises,Sunshine Herbs,1020 East Huning,,Show Low,AZ,85901,(928) 537-1711,US,2,7,$102.50
"Ridgecrest Herbals, Inc.",07/05/2013,UNFI Atlanta,Nutrition S'Mart,12594 Pines Blvd,,Pembroke Pines,FL,33027,(954) 437-0035,US,2,2,$30.00
"Ridgecrest Herbals, Inc.",07/05/2013,UNFI Greenwood,Garden Patch Market,228 W JEdison,,Mishawaka,IN,46545,(574) 255-3151,US,1,2,$33.00
"Ridgecrest Herbals, Inc.",07/05/2013,UNFI IA,Food For Thought,2929 East Central Ave.,,Wichita,KS,67214,(316) 683-6078,US,2,4,$50.00
"Ridgecrest Herbals, Inc.",07/05/2013,UNFI Northern California,New Leaf Capitola,1210 41st Ave,,Capitola,CA,95010,(831) 466-9060,US,1,1,$20.00
"Ridgecrest Herbals, Inc.",07/05/2013,UNFI Ridgefield,Ashland Food Co-op,237 N First Street,,Ashland,OR,97520,(541) 482-2237,US,2,5,$53.50
"Ridgecrest Herbals, Inc.",07/05/2013,UNFI Sarasota,Ada's Natural Foods,4650 S. Cleveland Ave,,Ft. Myers,FL,33907,(239) 939-9600,US,3,4,$50.50
"Ridgecrest Herbals, Inc.",07/05/2013,UNFI York,MOM's-Frederick,5273 Buckeystown Pike,,Frederick,MD,21703,(301) 816-1133,US,8,24,$229.50
"Ridgecrest Herbals, Inc.",07/06/2013,Nature's Best-Calif,Elliott's Rocklin,6671 Blue Oaks Blvd,,Rocklin,CA,95765,(916) 726-3033,US,1,1,$16.73
"Ridgecrest Herbals, Inc.",07/06/2013,Select Nutrition - East,Dodson's HF & Vitamins,1305 36th Ave NW,,Norman,OK,73072,(405) 329-4613,US,2,5,$70.50
"Ridgecrest Herbals, Inc.",07/06/2013,Select Nutrition - East,Sunshine Nutrition Center,621 South Church Street,,Murfreesboro,TN,37130,(615) 896-2972,US,2,9,$103.50
"Ridgecrest Herbals, Inc.",07/06/2013,Threshold Enterprises,Chico Natural Foods,818 Main St.,,Chico,CA,95616,(530) 891-1713,US,1,3,$28.50
"Ridgecrest Herbals, Inc.",07/06/2013,Threshold Enterprises,Natural Pantry,3801 Old Seward Hwy,,Anchorage,AK,99503,(907) 770-1444,US,2,36,$468.00
"Ridgecrest Herbals, Inc.",07/06/2013,Threshold Enterprises,Richard's Foodporium - State Road 70 #14,3110 - 53rd Ave E.,,Bradenton,FL,34203,(941) 756-4372,US,2,5,$61.50
"Ridgecrest Herbals, Inc.",07/06/2013,Threshold Enterprises,Rita's Granary,1013 Mountain Drive,,San Marcos,TX,78666,(512) 757-4177,US,4,25,$410.50
"Ridgecrest Herbals, Inc.",07/06/2013,UNFI Chesterfield,Dawson's Market,225 N. Washington Street,,Rockville,MD,20850,(804) 359-7525,N/,1,3,$28.50
"Ridgecrest Herbals, Inc.",07/06/2013,UNFI IA,River Market Co-op,221 North  Main Street,,Stilllwater,MN,55082,(651) 439-0366,US,3,3,$28.50
"Ridgecrest Herbals, Inc.",07/06/2013,UNFI Sarasota,Nature's Food Patch  ,1225 Cleveland Street,,Clearwater,FL,33755,(727) 443-6703,US,5,13,$135.01
"Ridgecrest Herbals, Inc.",07/06/2013,UNFI Southwest,Dixie Nutrition,2746 East 850 North,,St. George,UT,84790,,US,2,4,$60.00
"Ridgecrest Herbals, Inc.",07/07/2013,Nature's Best-Calif,Frazier Farms,225 Vista Village Drive,,Vista,CA,92083-4998,(760) 758-7175,US,4,24,$360.45
"Ridgecrest Herbals, Inc.",07/07/2013,Nature's Best-Calif,Mother's Market - Brea 1,413 S. Associated Rd,Building C,Brea,CA,92821,(714) 990-6667,US,2,9,$120.21
"Ridgecrest Herbals, Inc.",07/07/2013,Nature's Best-Calif,Mother's Market-Costa Mesa,1890 Newport Blvd,,Costa Mesa,CA,92627,(949) 631-4741,US,7,39,$715.20
"Ridgecrest Herbals, Inc.",07/07/2013,Palko Distributing Co.,Raisin Rack Westerville Canton,2545 Schrock Rd.,,Westerville,OH,43081,(614) 882-5886,US,3,13,$186.50
"Ridgecrest Herbals, Inc.",07/07/2013,Select Nutrition - East,Good Health Natural Foods (Quincy),1627 Hancock Street,,Quincy,IL,02169,(617) 773-4925,US,1,1,$10.00
"Ridgecrest Herbals, Inc.",07/07/2013,Select Nutrition - East,Organic Food Center,862 N. Miramar Ave.,,Indialantic,FL,32903,(321) 724-2383,US,1,2,$33.00
"Ridgecrest Herbals, Inc.",07/07/2013,Tree of Life Northeast,David's Natural Market I,5430 Lynx Lane,,Columbia,MD,21044,(410) 730-2304,US,7,7,$92.50
"Ridgecrest Herbals, Inc.",07/07/2013,UNFI Atlanta,Brighter Day Natural Foods,1102 Bull St.,,Savannah,GA,31401,(912) 236-4703,US,2,10,$107.00
"Ridgecrest Herbals, Inc.",07/07/2013,UNFI Atlanta,Healthy Home Market,5410 E Independence,,Charlotte,NC,28212,(704) 536-4663,US,1,2,$33.00
"Ridgecrest Herbals, Inc.",07/07/2013,UNFI Atlanta,Sevananda,467 Moreland Ave,,Atlanta,GA,30307,(404) 681-2831,US,4,16,$177.50
"Ridgecrest Herbals, Inc.",07/07/2013,UNFI CAP Atlanta,French Broad Food Co-op,90 Biltmore Ave,,Asheville,NC,28801,(828) 215-7805,US,1,4,$35.32
"Ridgecrest Herbals, Inc.",07/07/2013,UNFI IA,People's Food Co-op La Crosse,315 5th Ave. S.,,La Crosse,WI,54601,(608) 784-5798,US,2,7,$83.00
"Ridgecrest Herbals, Inc.",07/07/2013,UNFI Ridgefield,First Alternative Co-op-North,2855 NW Grant,,Corvallis,OR,97330,(541) 452-3115,US,1,1,$9.50
"Ridgecrest Herbals, Inc.",07/08/2013,Health Food Distributors,Health Foods by Claudia,3904 Secor Rd,,Toledo,OH,43623,(419) 474-2400,US,2,5,$50.50
"Ridgecrest Herbals, Inc.",07/08/2013,Lotus Light Enterprise,Mustard Seed Market & Cafe - Grocery,6025 Kruse dr,,Solon,OH,44139,(440) 519-3663,US,1,3,$70.50
"Ridgecrest Herbals, Inc.",07/08/2013,Lotus Light Enterprise,RK Unlimited Health Food,2043 Maple Ave.,,Marinette,WI,54143,(715) 735-5839,US,2,5,$65.00
"Ridgecrest Herbals, Inc.",07/08/2013,Nature's Best-Calif,Cream of the Crop,2009 S Coast Highway,,Oceanside,CA,92054,(760) 433-2757,US,1,3,$45.33
"Ridgecrest Herbals, Inc.",07/08/2013,Nature's Best-Calif,New Frontier Solvang,1984 Old Mission Dr.,Suite A7,Solvang,CA,93463,(805) 688-6878,US,2,4,$66.92
"Ridgecrest Herbals, Inc.",07/08/2013,Palko Distributing Co.,Georgetown Market,4375 Georgetown Road,,Indianapolis,IN,46254,(317) 293-9525,US,2,10,$127.00
"Ridgecrest Herbals, Inc.",07/08/2013,Select Nutrition - East,Ann Arbor Market LLC,375 North Maple Road,,Ann Arbor,MI,48103,(734) 827-5000,US,2,6,$90.00
"Ridgecrest Herbals, Inc.",07/08/2013,Select Nutrition - East,Earthlight NF-Stroudsburg,829 Ann St.,SUite A,Stroudsburg,PA,18360,(570) 424-6760,US,2,5,$62.50
"Ridgecrest Herbals, Inc.",07/08/2013,Select Nutrition - East,Feelin Great Wellness Center,718 Mall Blvd,,Brunswick,GA,31525,(912) 265-1595,US,2,6,$69.00
"Ridgecrest Herbals, Inc.",07/08/2013,Select Nutrition - East,Kate's Natural Products,451 University Blvd,,Harrisonburg,VA,22801,(540) 433-2359,US,3,9,$99.50
"Ridgecrest Herbals, Inc.",07/08/2013,Threshold Enterprises,Earth Mother Hlth. Fds.,220 E Harrison,,FARMINGTON,MO,63640,(573) 756-7852,US,2,12,$141.00
"Ridgecrest Herbals, Inc.",07/08/2013,Threshold Enterprises,HEALTH ARENA,2201 S. W.S.Young Dr.  #104A,,Killeen,TX,76543,(254) 628-9219,US,1,3,$37.50
"Ridgecrest Herbals, Inc.",07/08/2013,Threshold Enterprises,Health Fd Flanagans,7227 West 103rd Street,,Palos Hills,IL,60465,(708) 430-7080,US,3,7,$87.50
"Ridgecrest Herbals, Inc.",07/08/2013,Threshold Enterprises,Moonflower Market,39 East 100 N,,Moab,UT,84532,(435) 259-5712,US,2,3,$49.50
"Ridgecrest Herbals, Inc.",07/08/2013,Threshold Enterprises,Natural Foods Market,2311 West Wadley Ave.,,Midland,TX,79705,(432) 685-1295,US,1,2,$20.00
"Ridgecrest Herbals, Inc.",07/08/2013,Threshold Enterprises,Wynant's Family Health Foods,744 South A,Pioneer Plaza,Springfield,OR,97477,(541) 746-4251,US,2,7,$90.87
"Ridgecrest Herbals, Inc.",07/08/2013,Tree Of Life Southeast,Native Sun-San Jose,10000 San Jose Blvd,,Jacksonville,FL,32257,(904) 260-2791,US,3,3,$53.01
"Ridgecrest Herbals, Inc.",07/08/2013,UNFI Atlanta,Healthy Home Mkt-South Blvd,2707 South Blvd,,Charlotte,NC,28209,(704) 522-8123,US,4,13,$164.00
"Ridgecrest Herbals, Inc.",07/08/2013,UNFI Atlanta,Life Grocery,1453 Roswell Road,,Marietta,GA,30062,(770) 977-9583,US,1,12,$282.12
"Ridgecrest Herbals, Inc.",07/08/2013,UNFI CAP Greenwood ,Oryana Co-Op,260 E. 10th Street,,Traverse City,MI,49684,(231) 947-0191,US,2,2,$22.08
"Ridgecrest Herbals, Inc.",07/08/2013,UNFI Chesterfield,Nature's Pantry,142 Route 17K,,Newburgh,NY,12550,(845) 567-3355,US,2,3,$37.50
"Ridgecrest Herbals, Inc.",07/08/2013,UNFI Greenwood,Plum Market - West Bloomfield,3675 West Maple Road,,Bloomfield,MI,48301,(248) 594-2555,US,2,5,$65.00
"Ridgecrest Herbals, Inc.",07/08/2013,UNFI IA,Chequamegon Food Co-op,215 Chapple Avenue,,Ashland,WI,54806,(715) 682-8251,US,1,2,$19.00
"Ridgecrest Herbals, Inc.",07/08/2013,UNFI IA,Lakewinds Co-op-Minnetonka,17501 Minnetonka Blvd.,,Minnetonka,MN,55345,(952) 473-0292,US,5,9,$96.50
"Ridgecrest Herbals, Inc.",07/08/2013,UNFI Northern California,North Coast-Arcata,811 I Street,,Arcata,CA,95521,(707) 822-5947,US,2,3,$28.50
"Ridgecrest Herbals, Inc.",07/08/2013,UNFI Sarasota,NRG Palm Harbor,30555 U.S. Hwy. 19 North,Seabreeze Plaza,Palm Harbor,FL,34684,(727) 786-1231,US,8,22,$283.51
"Ridgecrest Herbals, Inc.",07/08/2013,UNFI York,MOM's-Rockville,5566 Randolph Road,,Rockville,MD,20852,(301) 816-4944,US,5,11,$174.50
"Ridgecrest Herbals, Inc.",07/09/2013,Nature's Best-Calif,Green's Nutrition,1906 Pacific Ave.,,Stockton,CA,95204,(209) 464-5738,US,1,2,$26.36
"Ridgecrest Herbals, Inc.",07/09/2013,Nature's Best-Calif,Orchard Nutrition,221 Locust ST,,Redding,CA,96001,(530) 244-9600 X9141,US,1,8,$89.20
"Ridgecrest Herbals, Inc.",07/09/2013,Nature's Best-Dallas,Honey Bee Natural Foods,909 N Fisk Ave,,Brownwood,TX,76801,(325) 646-7017,US,2,7,$160.06
"Ridgecrest Herbals, Inc.",07/09/2013,Select Nutrition - East,A Matter Of Health,138 Rockland Plaza Route 59,,Nanuet,NY,10954,(845) 627-3333,US,1,6,$109.53
"Ridgecrest Herbals, Inc.",07/09/2013,Select Nutrition - East,Basil Bandwagon Natural Market,276 Hwy 202/31,store #1,Flemington,NJ,08822,(908) 788-5737,US,1,2,$40.02
"Ridgecrest Herbals, Inc.",07/09/2013,Select Nutrition - East,Bloom Naturally,307 Columbia Blvd.,,Bloomsburg,PA,17815,(570) 784-3357,US,3,5,$52.00
"Ridgecrest Herbals, Inc.",07/09/2013,Select Nutrition - East,Flatbush Co-op,1415 Cortelyou Road,,New York,NY,11226,(718) 284-9717,US,2,7,$74.00
"Ridgecrest Herbals, Inc.",07/09/2013,Select Nutrition - East,Lucky's Natural Foods,101 South Broadway,,Lake Orion,MI,48362,(248) 693-1209,US,2,4,$64.50
"Ridgecrest Herbals, Inc.",07/09/2013,Select Nutrition - East,MOM's-Jessup,7351 Assateague Dr. Suite190,,Jessup,MD,20794,(410) 799-2175,US,2,5,$47.50
"Ridgecrest Herbals, Inc.",07/09/2013,Select Nutrition - East,Natural Abundance,125 South Main Street,,Aberdeen,SD,57401,(605) 229-4947,US,1,3,$37.50
"Ridgecrest Herbals, Inc.",07/09/2013,Select Nutrition - East,Whole Earth Center,360 Nassau St.,,Princeton,NJ,08540,(609) 924-7429,US,1,1,$9.50
"Ridgecrest Herbals, Inc.",07/09/2013,Select Nutrition - West,All About Herbs,535 W. Parks Hwy,,Wasilla,AK,99654,(907) 376-8327,US,1,12,$160.04
"Ridgecrest Herbals, Inc.",07/09/2013,Super Natural Distributors,Oak Street Health & Herb,431 Oak St.,,Carthage,MO,64836,(417) 358-0990,US,2,11,$156.00
"Ridgecrest Herbals, Inc.",07/09/2013,Threshold Enterprises,B-Alive Vitamins,6757 N. Cedar Ave,,Fresno,CA,93710,(559) 431-0881,US,3,4,$48.26
"Ridgecrest Herbals, Inc.",07/09/2013,Threshold Enterprises,DeLand Bakery & NF,933 Woodland Blvd,,Deland,FL,32720,(386) 734-7553,US,1,3,$45.00
"Ridgecrest Herbals, Inc.",07/09/2013,Threshold Enterprises,JC Health Foods,1406 A Missouri Blvd.,,Jefferson City,MO,65109,(573) 636-9889,US,1,3,$46.50
"Ridgecrest Herbals, Inc.",07/09/2013,Threshold Enterprises,Richard's Foodporium - Manatee Avenue West #12,6425 Manatee Ave West.,,Bradenton,FL,34209,(941) 795-0478,US,1,5,$68.50
"Ridgecrest Herbals, Inc.",07/09/2013,UNFI Dayville,Williamsville -Feel Rite Fresh Market,6000 South Park Avenue,,Hamburg,NY,14075,(716) 649-6694,US,1,4,$73.02
"Ridgecrest Herbals, Inc.",07/09/2013,UNFI Greenwood,Naturally Yours-Normal,1503 East Collage Ave,,Normal,IL,61761,(309) 452-3456,US,1,2,$19.00
"Ridgecrest Herbals, Inc.",07/09/2013,UNFI IA,Community Mercantile Co-op,901 Iowa St.,,Lawrence,KS,66044,(785) 843-8544,US,1,6,$74.00
"Ridgecrest Herbals, Inc.",07/09/2013,UNFI IA,New Pioneer Co-op,22 S Van Buren,,Iowa City,IA,52240,(319) 338-9441,US,3,3,$28.50
"Ridgecrest Herbals, Inc.",07/09/2013,UNFI Northern California,Chautauqua Natural Foods,436 Church Street,,Garberville,CA,95542,(707) 923-2452,US,2,11,$125.50
"Ridgecrest Herbals, Inc.",07/09/2013,UNFI Ridgefield,Settler's Country Market,741 Basin St NW,,Ephrata,WA,98823,(509) 754-4840,US,2,3,$34.50
"Ridgecrest Herbals, Inc.",07/09/2013,UNFI Sarasota,Mother Earth-Tamiami,4600 Summerlin Road,,Ft. Myers,FL,33919,(239) 454-8009,US,3,8,$79.00
"Ridgecrest Herbals, Inc.",07/09/2013,UNFI Sarasota,Nutrition S'Mart Miami Lakes,16250 NW 57th Avenue,,Miami Lakes,FL,33014,(786) 621-6006,US,3,7,$105.00
"Ridgecrest Herbals, Inc.",07/09/2013,UNFI Sarasota,Nutrition S'mart WC,1821 Bruce B. Downs Blvd,,Wesley Chapel,FL,33544,(813) 341-4444,US,2,7,$105.00
"Ridgecrest Herbals, Inc.",07/09/2013,UNFI York,Yes Organic Mkt-Brookland,3809 12th Street NE,,Brookland,DC,20017,(202) 832-7715,US,6,12,$119.50
"Ridgecrest Herbals, Inc.",07/10/2013,Lotus Light Enterprise,Sunshine HF-Shreveport,5751 Youree Dr,,Shreveport,LA,71105,(318) 219-4080,US,2,6,$90.00
"Ridgecrest Herbals, Inc.",07/10/2013,Nature's Best-Calif,Sunshine Nutrition,111 W. 535 S,,Cedar City,UT,84720,(435) 586-4889,US,3,8,$132.91
"Ridgecrest Herbals, Inc.",07/10/2013,Select Nutrition - East,Cornucopia Natural Foods,39 N. Main St.,,Sayville,NY,11782,(631) 589-9579,US,1,2,$25.00
"Ridgecrest Herbals, Inc.",07/10/2013,Select Nutrition - East,Garden Gate Natural Foods,17 S. 9th St.,,Allentown,PA,18102,(610) 433-8891,US,1,1,$15.00
"Ridgecrest Herbals, Inc.",07/10/2013,Select Nutrition - East,Nature's Market,1013 S Washington Ave,,Holland,MI,49423,(616) 394-5250,US,1,14,$133.00
"Ridgecrest Herbals, Inc.",07/10/2013,Select Nutrition - East,Sweet Pea Natural Foods,Rt. 100,Village Square,Waitsfield,VT,05673,(802) 496-7763,US,1,2,$22.00
"Ridgecrest Herbals, Inc.",07/10/2013,Select Nutrition - East,Weaver Street-Hillsborough,228 South Churton Street,,Hillsborough,NC,27278,(919) 245-5050,US,2,6,$48.99
"Ridgecrest Herbals, Inc.",07/10/2013,Super Natural Distributors,Tru Wellness/Earthly Good,6951 W Grand Ave,,Gurnee,IL,60031,(847) 855-9677,US,2,3,$15.00
"Ridgecrest Herbals, Inc.",07/10/2013,Threshold Enterprises,Gesundheit w-Jacobus Nut Ctr,2855 North 19th Ave.,Suite N,Bozeman,MT,59718,(406) 585-4668,US,2,2,$40.00
"Ridgecrest Herbals, Inc.",07/10/2013,Threshold Enterprises,People's Food Co-op Ann Arbor,216 N. 4th Avenue,,Ann Arbor,MI,48104,(734) 769-0095,US,1,1,$12.50
"Ridgecrest Herbals, Inc.",07/10/2013,Threshold Enterprises,Richard's-Bradenton,2601-B Manatee Avenue,,Bradenton,FL,34205,(941) 749-0892,Co,1,9,$120.50
"Ridgecrest Herbals, Inc.",07/10/2013,UNFI Atlanta,Garner's Natural Foods,1855 E Main St,,Spartanburg,SC,29307,(864) 585-1021,US,1,12,$132.00
"Ridgecrest Herbals, Inc.",07/10/2013,UNFI Atlanta,Return To Eden,2335 Cheshire Bridge Rd. NE,,Atlanta,GA,30324-3725,(404) 320-3336,US,1,1,$12.50
"Ridgecrest Herbals, Inc.",07/10/2013,UNFI Denver,Highland Health Foods,16367 S Townsend Ave #10,,Montrose,CO,81401,(970) 249-5207,US,4,19,$260.50
"Ridgecrest Herbals, Inc.",07/10/2013,UNFI Greenwood,Mustard Seed Market & Cafe,3885 W Market St.,,Akron,OH,44333,(330) 666-7333,US,3,5,$77.52
"Ridgecrest Herbals, Inc.",07/10/2013,UNFI Greenwood,Strawberry Fields ,306 W Springfield Ave,,Urbana,IL,61801,(217) 328-1655,US,2,2,$26.00
"Ridgecrest Herbals, Inc.",07/10/2013,UNFI Northwest,Good Food Store #1,1600 South 3rd West,,Missoula,MT,59801,(406) 541-3663,US,4,7,$76.50
"Ridgecrest Herbals, Inc.",07/10/2013,UNFI Sarasota,Sunseed Food Co-op,6615 N. Atlantic Ave,,Cape Canaveral,FL,32920,(321) 784-0930,US,1,3,$49.50
"Ridgecrest Herbals, Inc.",07/10/2013,UNFI Texas,Vitamins Plus #262,5109 82nd St.,,Lubbock,TX,79424,(806) 698-8612,US,2,12,$114.00
"Ridgecrest Herbals, Inc.",07/10/2013,UNFI York,MOM's-College Pk,9827 Rhode Island Dr,,College Park,MD,20740,(301) 220-1100,US,2,4,$38.00
"Ridgecrest Herbals, Inc.",07/10/2013,UNFI York,Rebecca's Natural Food 2,1141 Emmet St.,,Charlottesville,VA,22903,(434) 977-1965,US,7,20,$328.08
"Ridgecrest Herbals, Inc.",07/11/2013,Nature's Best-Calif,New Frontier San Luis Obispo ,1531 Froom Ranch Way,,San Luis Obispo,CA,93405,(805) 785-0194,US,3,5,$53.74
"Ridgecrest Herbals, Inc.",07/11/2013,Nature's Best-Calif,The Good Apple,100 North Plaza Drive,,Apache Junction,AZ,85220,(480) 982-2239,US,3,9,$168.37
"Ridgecrest Herbals, Inc.",07/11/2013,Select Nutrition - CL,Mama Jean's Natural Market #3,3530 East Sunshine,,Springfield,MO,65809,(417) 831-5229,US,1,6,$120.06
"Ridgecrest Herbals, Inc.",07/11/2013,Select Nutrition - East,Earth Origins #13,1917 E Silver Spr Blvd,,Ocala,FL,34470,(352) 351-5224,US,2,6,$93.00
"Ridgecrest Herbals, Inc.",07/11/2013,Select Nutrition - East,Paradise Health and Nutrition,1150 Malabar Road SE,Suite 113,Palm Bay,FL,32907,(321) 729-8311,US,1,2,$33.00
"Ridgecrest Herbals, Inc.",07/11/2013,Threshold Enterprises,Food For Thought-Sebring,301 US Highway 27 North,,Sebring,FL,33870-2146,(863) 385-8995,US,1,3,$34.50
"Ridgecrest Herbals, Inc.",07/11/2013,Threshold Enterprises,Sunlife Health Foods,2302 US HWY 2 East #10,,,MT,Kalispell,(406) 756-9412,US,1,2,$26.00
"Ridgecrest Herbals, Inc.",07/11/2013,UNFI CAP Chesterfield,Honest Weight Co-op,484 Central Ave,,Albany,NY,12206,(518) 482-2667,US,1,3,$26.49
"Ridgecrest Herbals, Inc.",07/11/2013,UNFI CAP Southwest,O.B. People's NF,4765 Voltaire Street,,San Diego,CA,92007,(619) 224-1387,US,2,3,$62.73
"Ridgecrest Herbals, Inc.",07/11/2013,UNFI Chesterfield,Bath Natural Market,36 Centre St,,Bath,ME,04530,(207) 442-8012,US,1,2,$19.00
"Ridgecrest Herbals, Inc.",07/11/2013,UNFI Greenwood,Plum Market - W. Bloomfield,6565 Orchard Lake Rd.,,West Bloomfield,MI,48322,(248) 626-7000,US,1,4,$52.00
"Ridgecrest Herbals, Inc.",07/11/2013,UNFI IA,OzarkNaturalFoods.com,1554 N. College Ave.,,Fayetteville,AR,72703,(479) 521-7558,US,2,6,$57.00
"Ridgecrest Herbals, Inc.",07/11/2013,UNFI Northern California,Briar Patch Coop - Welless,290 Sierra College Dr.,Suite A,Grass Valley,CA,95945,(530) 272-5333,US,2,8,$85.00
"Ridgecrest Herbals, Inc.",07/12/2013,Palko Distributing Co.,Kankakee Natural Foods,1035 Mulligan Dr,Suite 2,Bradley,IL,60915-1242,(815) 933-6236,US,2,22,$408.50
"Ridgecrest Herbals, Inc.",07/12/2013,Select Nutrition - CL,Mama Jean's Natural Market #2,1110 E. Republic Rd,Suite 112,Springfield,MO,65807,(417) 881-5326,US,2,12,$117.00
"Ridgecrest Herbals, Inc.",07/12/2013,Select Nutrition - East,Innovative Nutrition,246 Rt. 25A,,Setauret,NY,11733,(800) 681-7099,US,1,1,$12.50
"Ridgecrest Herbals, Inc.",07/12/2013,Select Nutrition - East,Nature's Outlet,3548 Electric Road,,Roanoke,VA,24018,(540) 989-5109,US,4,9,$117.03
"Ridgecrest Herbals, Inc.",07/12/2013,Select Nutrition - East,Soteria Health Food Store,130 Highway 76,,White House,TN,37188,(615) 672-7087,US,2,4,$80.02
"Ridgecrest Herbals, Inc.",07/12/2013,Select Nutrition - East,Staff of Life,119 Partin Dr North,,Niceville,FL,32578,(850) 678-8411,US,2,4,$50.00
"Ridgecrest Herbals, Inc.",07/12/2013,Threshold Enterprises,Good Shepherd Health Foods,201 S. Willow Ave.,,Cookeville,TN,38501,(931) 526-4860,US,1,1,$12.50
"Ridgecrest Herbals, Inc.",07/12/2013,Threshold Enterprises,Richard's Whole Foods - Dunedin,662 Main St,,Dunedin,FL,34698,(727) 736-1200,US,1,3,$49.50
"Ridgecrest Herbals, Inc.",07/12/2013,Threshold Enterprises,Richard's-Port Charlotte,3012 Tamiami Trail,,Port Charlotte,FL,33952,(941) 766-0199,US,2,2,$26.50
"Ridgecrest Herbals, Inc.",07/12/2013,Threshold Enterprises,Sunshine HF-Brossier,3011 Airline Drive,,Brossier,LA,71111,(318) 746-9788,US,1,1,$12.50
"Ridgecrest Herbals, Inc.",07/12/2013,UNFI Chesterfield,Newport Natural Foods,194 Main St.,,Newport,VT,05855,(802) 334-2626,US,2,7,$80.50
"Ridgecrest Herbals, Inc.",07/12/2013,UNFI Denver,Cid's HF Market,623 Paseo Del Pueblo Norte,,Taos,NM,87571,(575) 758-1148,US,9,9,$85.50
"Ridgecrest Herbals, Inc.",07/12/2013,UNFI Ridgefield,Shop N' Kart ,2268 Ashland St.,,Ashland,OR,97520,(541) 488-1579,US,1,4,$50.00
"Ridgecrest Herbals, Inc.",07/12/2013,UNFI York,Yes! Organic Market - Baltimore,5331 Baltimore Ave.,Suite 101,Hyattsville,MD,20781,(301) 779-1205,US,1,4,$38.00
"Ridgecrest Herbals, Inc.",07/13/2013,Nature's Best-Calif,New Frontier Prescott,1112 Iron Springs,,Prescott,AZ,86301,(928) 445-7370,US,2,5,$69.45
"Ridgecrest Herbals, Inc.",07/13/2013,Threshold Enterprises,Cornucopia,1104 Thorpe Lane J,,San Marcos,TX,78666,(512) 353-5044,US,1,3,$37.50
"Ridgecrest Herbals, Inc.",07/13/2013,UNFI Denver,Eve's Garden,"624 W Cheyenne Dr, Ste 9",,Evanston,WY,82930,(307) 679-4503,US,3,6,$120.00
"Ridgecrest Herbals, Inc.",07/13/2013,UNFI IA,St. Peter Food Co-op,119 W. Broadway,,St. Peter,MN,56082,(507) 934-4880,US,2,4,$50.00
"Ridgecrest Herbals, Inc.",07/13/2013,UNFI York,Roots Market-Clarksville,5805 Clarksville Sq Drive,,Clarksville,MD,21092,(443) 535-9321,US,3,4,$60.00
"Ridgecrest Herbals, Inc.",07/14/2013,"Ridgecrest Herbals, Inc.","Harvest Market, Inc.",7610 Heths Salient Street,,Spotsylvania,VA,22553,(540) 507-8040,US,1,12,$127.50
"Ridgecrest Herbals, Inc.",07/14/2013,Super Natural Distributors,New Vitality HF,9177 West 151st Street,,Orland Park,IL,60462,(708) 403-0120,US,1,3,$30.00
"Ridgecrest Herbals, Inc.",07/14/2013,Threshold Enterprises,Nutrition S'Mart Port St.Lucie,464 SW Port St. Lucie Blvd.,,Port St. Lucie,FL,34953,(772) 323-2222,US,2,6,$84.50
"Ridgecrest Herbals, Inc.",07/14/2013,UNFI Texas,Basic Foods,"229 Dowlen Rd., #7",,Beaumont,TX,77706-5962,(409) 861-4424,US,1,1,$20.00
"Ridgecrest Herbals, Inc.",07/15/2013,Lotus Light Enterprise,Avalon Nutrition,1388 N. College Ave.,DEC 2011 iHealth Kiosk Winner,Fayetteville,AR,72703,(479) 582-9158,US,2,3,$28.50
"Ridgecrest Herbals, Inc.",07/15/2013,Select Nutrition - East,Bunn's Natural Foods,1007 Street Road,,Southampton,PA,18966,(215) 355-1165,US,3,7,$96.52
"Ridgecrest Herbals, Inc.",07/15/2013,Select Nutrition - East,Cambridge Naturals,23 White St,,Cambridge,MA,02140,(617) 492-4452,US,1,4,$41.00
"Ridgecrest Herbals, Inc.",07/15/2013,Select Nutrition - East,Cindy's Health & Vitality Center,56 Youngstown-Warren Rd.,,Niles,OH,44446,(330) 652-8284,US,1,2,$30.00
"Ridgecrest Herbals, Inc.",07/15/2013,Select Nutrition - East,Organica Vitamins & Health Foods,289 North Barrington Rd.,,Streamwood,IL,60107,(630) 872-2000,US,1,6,$58.98
"Ridgecrest Herbals, Inc.",07/15/2013,Select Nutrition - East,Rainbow Blossom-New Albany,3003 Charlestown Crossing way,,New Albany,IN,47150,(812) 941-0080,US,2,4,$39.50
"Ridgecrest Herbals, Inc.",07/15/2013,Threshold Enterprises,Conroe Granary,1210 S. Frazier St.,,Conroe,TX,77301,,US,1,6,$57.00
"Ridgecrest Herbals, Inc.",07/15/2013,Threshold Enterprises,Earthbeam Natural Foods,1399 Broadway,,Burlingame,CA,94010,(650) 347-2058,US,3,5,$60.14
"Ridgecrest Herbals, Inc.",07/15/2013,Threshold Enterprises,Oregon Natural Market,373 SW 1st Street,,Ontario,OR,97914,(541) 889-8714,US,1,3,$49.50
"Ridgecrest Herbals, Inc.",07/15/2013,UNFI CAP Chesterfield,Putney Food Co-op,8 Carol Brown Way,,Putney,VT,05346,(802) 387-5866,US,1,2,$13.66
"Ridgecrest Herbals, Inc.",07/15/2013,UNFI Chesterfield,Concord Food Co-op ,24 S Main St,,Concord,NH,03301,(603) 225-6840,US,2,3,$28.50
"Ridgecrest Herbals, Inc.",07/15/2013,UNFI York,Yes! Organic Market - 8th St.,410 8 Street SE,,Washington,DC,20003,(202) 546-9833,US,2,5,$62.50
"Ridgecrest Herbals, Inc.",07/16/2013,Nature's Best-Dallas,NATURES PARADISE,1511 West  6th Ave,,Emporia,KS,66801,(620) 342-3166,US,1,6,$78.03
"Ridgecrest Herbals, Inc.",07/16/2013,Select Nutrition - East,Earthward Natural Foods,42 Route 101 A,,Amherst,NH,03031,(603) 673-4322,US,2,2,$26.50
"Ridgecrest Herbals, Inc.",07/16/2013,Select Nutrition - East,Ellwood Thompson's Local Market,4 N. Thompson Street,,Richmond,VA,23221,(804) 359-7525,US,1,3,$28.50
"Ridgecrest Herbals, Inc.",07/16/2013,Select Nutrition - East,Mother Earth-McGregor ,15271 - 07 Mc Gregor Blvd.,,Ft. Myers,FL,33908,(239) 489-3377,US,2,6,$66.00
"Ridgecrest Herbals, Inc.",07/16/2013,Select Nutrition - West,Dixie Nutrition,406 West St. George Blvd,,St. George,UT,84770,(435) 673-3447,US,1,8,$110.53
"Ridgecrest Herbals, Inc.",07/16/2013,Super Natural Distributors,Healthway Natural Foods Alexandria,1610 Belle View Blvd,,Alexandria,VA,22307,(703) 660-8603,US,1,1,$9.50
"Ridgecrest Herbals, Inc.",07/16/2013,Super Natural Distributors,STEGER NUTRITION CENTER,297 W. NORTHLAND AVE,,Appleton,WI,54911,(920) 739-1042,US,1,6,$66.00
"Ridgecrest Herbals, Inc.",07/16/2013,Threshold Enterprises,Debbieâ€™s Health Food - Port Orange,3850 South Nova Road,,Port Orange,FL,32127,(386) 763-7046,US,1,3,$41.10
"Ridgecrest Herbals, Inc.",07/16/2013,Threshold Enterprises,Granite State NF,164 N State St,,Concord,NH,03301,(603) 224-9341,US,2,2,$19.00
"Ridgecrest Herbals, Inc.",07/16/2013,Threshold Enterprises,Village Health Market,3225 South Macdill Ave,,Tampa,FL,33629,(813) 831-6065,US,3,35,$811.50
"Ridgecrest Herbals, Inc.",07/16/2013,UNFI Atlanta,Company Shops Market,268 E. Front St.,,Burlington,NC,27215-5982,(336) 314-1972,US,1,4,$38.00
"Ridgecrest Herbals, Inc.",07/16/2013,UNFI Chesterfield,Sussex County Coop,30 Moran St,,Newton,NJ,07860,,US,1,6,$97.53
"Ridgecrest Herbals, Inc.",07/16/2013,UNFI Dayville,Back To Basics Natural Foods,500 Main St,,East Greenwhich,RI,02818,(401) 885-2679,US,3,4,$47.50
"Ridgecrest Herbals, Inc.",07/16/2013,UNFI IA,Everybody's Whole Foods,501 N 2nd Street,,Fairfield,IA,52556,(641) 472-5199,US,1,2,$30.00
"Ridgecrest Herbals, Inc.",07/16/2013,UNFI IA,Veggie's Health Food Store,1202 Brookeview Dr.,,Ardmore,OK,73401,(580) 226-2424,US,2,5,$47.50
"Ridgecrest Herbals, Inc.",07/16/2013,UNFI Northern California,Lakeshore Natural Foods,3321 Lakeshore Ave.,,Oakland,CA,94610,(570) 452-1079,US,2,5,$63.00
"Ridgecrest Herbals, Inc.",07/17/2013,Select Nutrition - CL,"Nutrition Cottage, Inc.",407 E. Atlantic Ave.,,Delray Beach,FL,33483,(561) 272-8571,US,2,4,$77.02
"Ridgecrest Herbals, Inc.",07/17/2013,Select Nutrition - East,Health Nuts,211-35 26th Ave.,,Bayside,NY,11360,(718) 224-5095,US,2,6,$75.00
"Ridgecrest Herbals, Inc.",07/17/2013,Select Nutrition - East,Nassau Health Foods,833 TJ Courson Rd.,,Fernandina Beach,FL,32034,(904) 277-3158,US,1,1,$9.50
"Ridgecrest Herbals, Inc.",07/17/2013,Select Nutrition - East,Super Value Nutrition,5816 Bee Ridge Road,,Sarasota,FL,24233,(941) 350-8348,US,1,2,$40.02
"Ridgecrest Herbals, Inc.",07/17/2013,Threshold Enterprises,Nature's Pantry Natural Foods,1907 4th St.,,LaGrande,OR,97850,(541) 963-7955,US,1,2,$19.00
"Ridgecrest Herbals, Inc.",07/17/2013,Threshold Enterprises,The Oasis Health Food Store,111 North Muskogee Ave,,Tahlequah,OK,74464,(918) 456-1414,US,1,6,$57.00
"Ridgecrest Herbals, Inc.",07/17/2013,UNFI Denver,Durango Natural Foods,575 E 8th Ave,,Durango,CO,81301,(970) 247-8129,US,3,6,$57.00
"Ridgecrest Herbals, Inc.",07/17/2013,UNFI IA,Outpost Natural Foods Coop #2,7000 W State St,,Wauwatosa,WI,53213,(414) 778-2012,US,1,1,$9.50
"Ridgecrest Herbals, Inc.",07/17/2013,UNFI Northern California,New Moon-Tahoe City,505 West Lake Blvd,,Tahoe City,CA,96145,(530) 583-7426,US,3,4,$43.50
"Ridgecrest Herbals, Inc.",07/17/2013,UNFI Northwest,Dragoun`s Leir,23969 NE State Rt. 3,Suite K,Belfair,WA,98528,(360) 277-9434,US,1,4,$66.00
"Ridgecrest Herbals, Inc.",07/17/2013,UNFI Sarasota,Diane's Natural Market,240 State Rd 312,,St Augstine,FL,32086-4241,(904) 808-9978,US,3,23,$327.03
"Ridgecrest Herbals, Inc.",07/17/2013,UNFI Texas,Vitamins Plus #200,2321A West Loop 281,,Longview,TX,75604,(903) 297-0766,US,2,24,$333.06
"Ridgecrest Herbals, Inc.",07/18/2013,Nature's Best-Calif,Better Health Market,1450 E Hwy 377,,Granbury,TX,76048,(817) 578-3131,US,1,3,$45.66
"Ridgecrest Herbals, Inc.",07/18/2013,Palko Distributing Co.,Rainbow Blossom-Bardstown,3046 Bardstown Rd,,Louisville,KY,40205,(502) 498-2470,US,2,9,$106.00
"Ridgecrest Herbals, Inc.",07/18/2013,Palko Distributing Co.,WARSAW HEALTH FOODS,1228 E CENTER ST,,WARSAW,IN,46580,(574) 269-2413,US,2,20,$377.00
"Ridgecrest Herbals, Inc.",07/18/2013,Select Nutrition - East,Mother Earth's Storehouse Kingston,300 Kings Mall Court,,Kingston,NY,12401,(845) 336-5541,US,1,2,$30.00
"Ridgecrest Herbals, Inc.",07/18/2013,Select Nutrition - East,Nature's Market-Melbourne,701 S. Apollo Blvd.,,Melbourne,FL,32935,(321) 254-8688,US,1,2,$33.00
"Ridgecrest Herbals, Inc.",07/18/2013,Select Nutrition - West,Kristina's Natural Ranch Market,761 E. Barstow,,Fresno,CA,93710,(559) 224-2222,US,2,4,$66.00
"Ridgecrest Herbals, Inc.",07/18/2013,UNFI Dayville,Organic Basic Food LLC,204 Washington Street,,Hoboken,NJ,07030,(201) 610-1100,US,4,12,$249.61
"Ridgecrest Herbals, Inc.",07/18/2013,UNFI IA,Simple Abundance,318 Bush Street Suite 1,,Redwing,MN,55066,(651) 388-0333,US,2,3,$35.50
"Ridgecrest Herbals, Inc.",07/18/2013,UNFI Sarasota,Native Sun-Baymeadows,11030 Baymeadows Rd,,Jacksonville,FL,32256,(904) 260-2791,US,1,1,$12.50
"Ridgecrest Herbals, Inc.",07/19/2013,Palko Distributing Co.,DER DUTCH MERCHANT,1642 SR121 NORTH,,MURRAY,KY,42071,(270) 767-0486,US,1,6,$74.50
"Ridgecrest Herbals, Inc.",07/19/2013,Palko Distributing Co.,Nature's Bin,18120 Sloane Ave.,,Lakewood,OH,44107,(216) 521-4600,US,1,2,$30.00
"Ridgecrest Herbals, Inc.",07/19/2013,Select Nutrition - East,A Matter of Health NYC,1478 1st Ave,,New York,NY,10021,(212) 288-8280,US,1,3,$45.00
"Ridgecrest Herbals, Inc.",07/19/2013,Select Nutrition - East,Peak Nutrition Center,6187 Central City Blvd,,GALVESTON,TX,77551,979-285-2449,US,1,1,$9.50
"Ridgecrest Herbals, Inc.",07/19/2013,Select Nutrition - East,Vitamins Plus #251,2550 Barrow St.,,Abilene,TX,79605,(325) 698-0512,US,2,12,$180.06
"Ridgecrest Herbals, Inc.",07/19/2013,Threshold Enterprises,Apple Crate Food Store,5430 Camden Road #103,,Fayetteville,NC,28306,(910) 423-8800,US,1,2,$40.00
"Ridgecrest Herbals, Inc.",07/19/2013,Threshold Enterprises,Colors of Health,31 SIMS ST,,DICKINSON,ND,58601,(701) 483-1060,US,2,4,$66.00
"Ridgecrest Herbals, Inc.",07/19/2013,Threshold Enterprises,Richard's on Ringling Blvd.,4503 Cattlemen Rd.,,Sarasota,FL,34233,(941) 316-0546,US,1,3,$28.50
"Ridgecrest Herbals, Inc.",07/19/2013,UNFI IA,Wheatsfield Grocery,413 Northwestern Ave.,,Ames,IA,50010,(515) 232-4094,US,1,2,$19.00
"Ridgecrest Herbals, Inc.",07/19/2013,UNFI Sarasota,Total Nutrition,15946 West State Road 84,,Weston,FL,33326,(954) 349-2633,US,1,3,$60.03
"Ridgecrest Herbals, Inc.",07/20/2013,Threshold Enterprises,Apple Tree Alcoa,729 Louisville Road,,Alcoa,TN,37701,(865) 977-1110,US,1,6,$66.00
"Ridgecrest Herbals, Inc.",07/20/2013,UNFI Atlanta,GOOD HEALTH UNLIMITED,55 Mathews Dr,,HILTON HEAD ISLND,SC,29926,(843) 681-7701,US,2,2,$25.00
"Ridgecrest Herbals, Inc.",07/20/2013,UNFI Northern California,Oliver's Market - Montecito Center,560 Montecito Center,,Santa Rosa,CA,95409,(707) 537-7123,US,3,6,$57.00
"Ridgecrest Herbals, Inc.",07/20/2013,UNFI Northern California,Staff of Life,1266 Soquel Ave,,Santa Cruz,CA,95062,(831) 423-8068,US,2,3,$56.50
"Ridgecrest Herbals, Inc.",07/21/2013,Nature's Best-Calif,Alameda Natural Grocery,1650 Park St Unit L,,Alameda,CA,94501,(510) 865-1500,US,3,16,$257.14
"Ridgecrest Herbals, Inc.",07/21/2013,Select Nutrition - East,New Frontier #4,12-01 Jackson Ave,,New York,NY,11101,(718) 937-9399,US,2,6,$90.00
"Ridgecrest Herbals, Inc.",07/21/2013,Threshold Enterprises,Krieger's Health Foods Market,615 Graham Road,,Cuyahoga Falls,OH,44221,(330) 929-2929,US,1,2,$19.00
"Ridgecrest Herbals, Inc.",07/22/2013,Select Nutrition - East,GREEN EARTH GROCERY,1086 North Irish Rd,,Davison,MI,48423,810-658-5305,US,1,2,$25.00
"Ridgecrest Herbals, Inc.",07/22/2013,Select Nutrition - East,Mother Earth Foods,1638 19th St,,Parkersburg,WV,26101,(304) 428-1024,US,1,2,$22.00
"Ridgecrest Herbals, Inc.",07/22/2013,Select Nutrition - East,Newark Natural Foods Co-Op,280 E Main St.,,Newark,DE,19711,(302) 368-5893,US,1,6,$78.00
"Ridgecrest Herbals, Inc.",07/22/2013,Select Nutrition - East,Sawall Health Foods,2965 Oakland Drive,,Kalamazoo,MI,49008,(269) 343-3619,US,2,9,$123.00
"Ridgecrest Herbals, Inc.",07/22/2013,Select Nutrition - East,TOTAL NUTRITION,5610 S. 108th ST,,HALES CORNERS,WI,53130,(414) 529-2989,US,1,2,$25.00
"Ridgecrest Herbals, Inc.",07/22/2013,UNFI Atlanta,New Leaf Market,1235 Apalachee Pkwy,,Tallahasse,FL,32301,(850) 942-2557,US,2,4,$38.00
"Ridgecrest Herbals, Inc.",07/22/2013,UNFI Chesterfield,Natural Frontier Market,1104 Cortelyou Rd.,,Brooklyn,NY,11218,(718) 284-3593,US,1,3,$37.50
"Ridgecrest Herbals, Inc.",07/22/2013,UNFI Dayville,Healthy Appetites,44 Long Pond Rd,,Plymouth,MA,02360,(508) 747-8100,US,2,6,$57.00
"Ridgecrest Herbals, Inc.",07/22/2013,UNFI Greenwood,Highland Nutrition Center,320 Walnut St.,,Highland,IL,62249,(618) 654-9017,US,2,2,$33.00
"Ridgecrest Herbals, Inc.",07/22/2013,UNFI IA,Health Hut - Brookfield,19035 W. Bluemound Rd.,,Brookfield,WI,53045,(262) 821-2122,US,1,3,$37.50
"Ridgecrest Herbals, Inc.",07/22/2013,UNFI IA,People's Grocery,523 S. 17th Street,,Manhattan,KS,66502,(785) 539-4811,US,1,3,$28.50
"Ridgecrest Herbals, Inc.",07/22/2013,UNFI Sarasota,Earth Origins Market #14,1279 S Beneva Rd,,Sarasota,FL,34232,(941) 365-3700,US,2,4,$49.00
"Ridgecrest Herbals, Inc.",07/22/2013,UNFI Sarasota,Sustain Natural Market,3060 E Semoran Blvd,Ste 100,Apopka,FL,N/A,(407) 489-1167,US,2,2,$25.00
"Ridgecrest Herbals, Inc.",07/23/2013,Nature's Best-Calif,Good Health Nutrition Center,503 Harrison Avenue,,Centralia,WA,98531-1345,(360) 736-3830,US,1,4,$60.88
"Ridgecrest Herbals, Inc.",07/23/2013,Palko Distributing Co.,Genes Health Food ,1738 Sweeney Street,,Owensboro,KY,42303,(270) 684-7221,US,2,5,$68.50
"Ridgecrest Herbals, Inc.",07/23/2013,Select Nutrition - CL,Mama Jean's Natural Market #1,1727 S. Campbell,,Springfield,MO,65807,(417) 831-5229,N/,1,3,$30.00
"Ridgecrest Herbals, Inc.",07/23/2013,Select Nutrition - East,Campbell's-University,4040 University Ave.,Uptown Shopping Center,Des Moines,IA,50311,(515) 277-6351,US,1,3,$60.03
"Ridgecrest Herbals, Inc.",07/23/2013,Select Nutrition - East,Natural Mercantile,341 E COLONIAL HWY,,Hamilton,VA,20159,(540) 338-7080,US,1,2,$30.00
"Ridgecrest Herbals, Inc.",07/23/2013,Threshold Enterprises,Granary St-Texarkana,2315 Richmond Rd #15,,Texarkana,TX,75503,(903) 831-5940,US,1,12,$198.00
"Ridgecrest Herbals, Inc.",07/23/2013,Threshold Enterprises,TML Florids LLC DBA Richard's Foodporium,3150 Tampa Rd. Unit 8,,Oldsmar,FL,34677,(727) 772-8141,US,1,1,$10.00
"Ridgecrest Herbals, Inc.",07/23/2013,UNFI Dayville,"Feel - Rite, Buffalo",2141 Delaware Ave.,,Buffalo,NY,14216,(716) 837-7661,US,1,12,$132.00
"Ridgecrest Herbals, Inc.",07/23/2013,UNFI Denver,Main Street Market,333 Omaha St,Suite 2,Rapid City,SD,57701,(605) 341-9099,US,2,4,$50.00
"Ridgecrest Herbals, Inc.",07/24/2013,Select Nutrition - East,Natural Food Store,374 Main Street,,Niantic,CT,06357,(860) 739-9916,US,1,4,$52.50
"Ridgecrest Herbals, Inc.",07/24/2013,Select Nutrition - East,Our Daily Bread,9414 Florida Blvd.,,Baton Rouge,LA,70815,(225) 924-9910,US,1,5,$74.52
"Ridgecrest Herbals, Inc.",07/24/2013,Threshold Enterprises,Harvest Moon Health Foods,2146 N Main St #526,,Layton,UT,84041,(801) 719-6028,US,1,4,$65.00
"Ridgecrest Herbals, Inc.",07/24/2013,Threshold Enterprises,Nature's Remedies,533 Montague Ave.,,Greenwood,SC,29649,(864) 388-9295,US,1,2,$30.00
"Ridgecrest Herbals, Inc.",07/24/2013,Threshold Enterprises,Paradise Health-Wickham,6300 N. Wickham Rd.,,Melbourne,FL,32940,(321) 242-6040,US,2,6,$120.03
"Ridgecrest Herbals, Inc.",07/24/2013,Threshold Enterprises,"VitanHerbs, LLC",410 W 1st Ave,,Roselle,NJ,07203,(908) 245-6002,US,1,1,$10.00
"Ridgecrest Herbals, Inc.",07/25/2013,Select Nutrition - CL,The Mustard Seed,969 Arsenal Street,,Watertown,NY,13601,(180) 024-1257,US,1,3,$37.50
"Ridgecrest Herbals, Inc.",07/25/2013,Threshold Enterprises,Healthy Choice Apothecary,6 South Greely Ave,,Chappaqua,NY,10574,(914) 238-1700,US,1,2,$19.00
"Ridgecrest Herbals, Inc.",07/25/2013,Threshold Enterprises,Healthy Home Market (Galleria),1816 Galleria Blvd Ste G,,Charlotte,NC,28270,,US,1,4,$50.00
"Ridgecrest Herbals, Inc.",07/25/2013,Threshold Enterprises,Healthy Horizons Inc,7034 Indianapolis Blvd,,Hammond,IN,46324,(219) 845-8450,US,1,2,$19.00
"Ridgecrest Herbals, Inc.",07/25/2013,UNFI Dayville,New Morning Country Store,738 Main Street South,,Woodbury,CT,06798,(203) 263-4868,US,1,1,$12.50
"Ridgecrest Herbals, Inc.",07/25/2013,UNFI Dayville,NRG Cape Cod NF #7,1600 Falmouth Rd. Ste. 27,Bell Tower Mall,Centerville,MA,02632,(508) 771-8394,US,1,1,$16.50
"Ridgecrest Herbals, Inc.",07/26/2013,Palko Distributing Co.,Makin It Natural Health Food,2502 Ashford Drive,,Clovis,NM,88101,(575) 763-8286,US,1,2,$33.00
"Ridgecrest Herbals, Inc.",07/26/2013,Super Natural Distributors,Harvest Health Foods,4150 32nd Ave.,,Hudsonville,MI,49426,(616) 896-6630,US,1,2,$40.00
"Ridgecrest Herbals, Inc.",07/26/2013,Threshold Enterprises,Clovers Natural Market,2012 E Broadway,,Columbia,MO,65201,(573) 449-1650,US,2,10,$95.00
"Ridgecrest Herbals, Inc.",07/26/2013,Threshold Enterprises,Richard's-Birdbay,593 US 41 Bypass North,,Venice,FL,34285,(941) 484-2354,US,1,3,$28.50
"Ridgecrest Herbals, Inc.",07/27/2013,UNFI Northern California,New Leaf Community Markets,6240 Highway 9,,Felton,CA,95018,(831) 335-7322,US,1,1,$12.50
"Ridgecrest Herbals, Inc.",07/27/2013,UNFI Texas,Vitamins Plus #101,824 W University,,Denton,TX,76201,(940) 382-8816,US,1,3,$28.50
"Ridgecrest Herbals, Inc.",07/28/2013,Select Nutrition - East,Health Fair,625 Branch Ave.,,Little Silver,NJ,07739,(732) 747-3140,US,1,5,$61.50
"Ridgecrest Herbals, Inc.",07/28/2013,UNFI Chesterfield,Green Earth,4 Market St.,,Oneonta,NY,13820,(607) 432-7160,US,1,1,$12.50
"Ridgecrest Herbals, Inc.",07/29/2013,Nature's Best-Dallas,Fresh Plus #2,2917 West Anderson Lane,,Austin,TX,78757,(512) 294-4791,US,1,2,$31.56
"Ridgecrest Herbals, Inc.",07/29/2013,Select Nutrition - CL,Samson and the Lion Natural Foods,1528-D Zoo Pkwy,,Asheboro,NC,27205,(336) 625-8300,US,2,4,$50.00
"Ridgecrest Herbals, Inc.",07/29/2013,Select Nutrition - East,Better Thymes Natural Foods,417 South Street,Royal Plaza Shopping Cntr.,Front Royal,VA,22630,(540) 636-9209,US,1,2,$19.00
"Ridgecrest Herbals, Inc.",07/29/2013,Select Nutrition - East,Bulk-N-Natural Food Store,3737 Bahia Vista Street,,Sarasota,FL,34232,(941) 957-0595,US,1,2,$20.00
"Ridgecrest Herbals, Inc.",07/29/2013,Select Nutrition - East,The Good Seed Natural Food Market,138 Central Ave,,Seekonk,MA,02771,(508) 399-7333,US,1,1,$20.01
"Ridgecrest Herbals, Inc.",07/29/2013,Threshold Enterprises,Cone's Health Foods,8200 Stockdale Hwy,B-3,Bakersfield,CA,93311,(661) 832-5669,US,1,1,$12.50
"Ridgecrest Herbals, Inc.",07/29/2013,Threshold Enterprises,Richard's-Cooper Creek,8207 Cooper Creek Blvd,,Sarasota,FL,34201,(941) 358-8011,US,1,5,$47.50
"Ridgecrest Herbals, Inc.",07/29/2013,Threshold Enterprises,Sunshine Health Foods,415 Morro Bay Blvd,,Morro Bay,CA,93442,(805) 772-7873,US,1,1,$7.50
"Ridgecrest Herbals, Inc.",07/29/2013,UNFI Dayville,Cornucopia Foods ,150 Main St,,Northampton,MA,01060-3131,(413) 586-3800,US,1,1,$12.50
"Ridgecrest Herbals, Inc.",07/29/2013,UNFI Greenwood,Good Earth NF,6350 Guilford Ave,,Indianapolis,IN,46220,(317) 253-3709,US,2,12,$165.00
"Ridgecrest Herbals, Inc.",07/30/2013,Select Nutrition - East,Monmouth Health Foods,181 Main St.,,Manasquan,NJ,08736,(732) 223-4900,US,1,1,$16.50
"Ridgecrest Herbals, Inc.",07/30/2013,Select Nutrition - East,Mother Earth - Tamiami ,16520 S Tamiami # 25,,Ft. Myers,FL,33908-4521,(239) 454-8009,US,1,2,$30.00
"Ridgecrest Herbals, Inc.",07/30/2013,Threshold Enterprises,The Natural Foods Store,131 Hulmeville Avenue,,Penndel,PA,19047,(215) 752-7268,US,1,3,$39.00
"Ridgecrest Herbals, Inc.",07/30/2013,UNFI Sarasota,Diane's Natural Food Market,101 PALM HARBOR PKWY,,Palm Coast,FL,32137,386-597-5244 ,US,1,2,$19.00
"Ridgecrest Herbals, Inc.",07/31/2013,Nature's Best-Dallas,Jack's Natural Foods,400 E Loop 281,,Longview,TX,75605,(903) 758-9777,US,1,3,$60.06
"Ridgecrest Herbals, Inc.",07/31/2013,Palko Distributing Co.,"Health Food Cupboard, LLC",104 N. Scioto St.,,Circleville,OH,43113,(740) 477-1204,US,1,1,$15.00
"Ridgecrest Herbals, Inc.",07/31/2013,Select Nutrition - CL,Souther's Natural Foods / Herbs,14750 Martin Luther King Blvd,,Dover,FL,33527,(813) 659-0349,US,1,6,$90.00
"Ridgecrest Herbals, Inc.",07/31/2013,Select Nutrition - East,Earth Origins #50,3005 West Lake Mary Blvd,Unit #124,Lake Mary,FL,32746,727-631-3928,US,1,7,$95.00
"Ridgecrest Herbals, Inc.",07/31/2013,Select Nutrition - East,Feel Rite-W. Seneca,3521 Seneca St,,W. Seneca,NY,14224,(716) 675-6620,US,2,3,$37.50
"Ridgecrest Herbals, Inc.",07/31/2013,Select Nutrition - East,Yes Organic Mkt-14th St NW,2123 14th St NW,,Washington,DC,20009,(202) 232-6603,US,1,3,$33.00
"Ridgecrest Herbals, Inc.",07/31/2013,Select Nutrition - West,Pacific Health Foods,944 Linden Ave,,Carpinteria,CA,93013,(805) 692-4900,US,1,1,$15.00
"Ridgecrest Herbals, Inc.",07/31/2013,UNFI Northern California,North Coast-Eureka,25 4th St.,,Eureka,CA,95501,(707) 443-6027,US,1,1,$9.50
"Ridgecrest Herbals, Inc.",07/31/2013,UNFI Northwest,Moscow Food Co-Op 2,121 East 5th Street,,Moscow,ID,83843-2919,(208) 882-8537,US,1,1,$12.50
